HDPID,Part of a Research Network?,HEAL Study Type,Name of Research Network
HDP00001,No,HEAL Studies,
HDP00002,Yes,HEAL Research Network,ACT NOW
HDP00003,Yes,HEAL Research Network,HBCD
HDP00004,No,HEAL Studies,
HDP00005,Yes,HEAL Research Network,EPPIC-NET
HDP00006,Yes,HEAL Research Network,HBCD
HDP00007,No,HEAL Studies,
HDP00008,No,HEAL Studies,
HDP00009,No,HEAL Studies,
HDP00011,Yes,HEAL Research Network,HPC
HDP00012,No,HEAL Studies,
HDP00013,Yes,HEAL Research Network,HBCD
HDP00014,No,HEAL Studies,
HDP00015,No,HEAL Studies,
HDP00016,Yes,HEAL Research Network,JCOIN
HDP00017,No,HEAL Studies,
HDP00018,No,HEAL Studies,
HDP00019,No,HEAL Studies,
HDP00020,No,HEAL Studies,
HDP00021,No,HEAL Studies,
HDP00022,No,HEAL Studies,
HDP00023,No,HEAL Studies,
HDP00024,No,HEAL Studies,
HDP00025,Yes,HEAL Research Network,EPPIC-NET
HDP00026,No,HEAL Studies,
HDP00027,No,HEAL Studies,
HDP00028,Yes,HEAL Research Network,HOPE
HDP00029,Yes,HEAL Research Network,HBCD
HDP00030,No,HEAL Studies,
HDP00031,Yes,HEAL Research Network,EPPIC-NET
HDP00032,Yes,HEAL Research Network,HBCD
HDP00033,No,HEAL Studies,
HDP00034,No,HEAL Studies,
HDP00035,No,HEAL Studies,
HDP00036,Yes,HEAL Research Network,HEALING COMMUNITIES
HDP00037,Yes,HEAL Research Network,ACT NOW
HDP00038,No,HEAL Studies,
HDP00039,Yes,HEAL Research Network,IMPOWR
HDP00040,No,HEAL Studies,
HDP00041,No,HEAL Studies,
HDP00042,No,HEAL Studies,
HDP00043,No,HEAL Studies,
HDP00044,No,HEAL Studies,
HDP00045,No,HEAL Studies,
HDP00046,No,HEAL Studies,
HDP00047,Yes,HEAL Research Network,EPPIC-NET
HDP00048,No,HEAL Studies,
HDP00049,No,HEAL Studies,
HDP00050,Yes,HEAL Research Network,HBCD
HDP00051,No,HEAL Studies,
HDP00052,No,HEAL Studies,
HDP00053,No,HEAL Studies,
HDP00054,No,HEAL Studies,
HDP00055,Yes,HEAL Research Network,HOPE
HDP00056,No,HEAL Studies,
HDP00057,No,HEAL Studies,
HDP00058,No,HEAL Studies,
HDP00059,No,HEAL Studies,
HDP00060,No,HEAL Studies,
HDP00061,Yes,HEAL Research Network,HBCD
HDP00062,No,HEAL Studies,
HDP00063,No,HEAL Studies,
HDP00064,No,HEAL Studies,
HDP00065,Yes,HEAL Research Network,HPC
HDP00066,Yes,HEAL Research Network,ACT NOW
HDP00067,No,HEAL Studies,
HDP00068,Yes,HEAL Research Network,HBCD
HDP00069,No,HEAL Studies,
HDP00070,No,HEAL Studies,
HDP00071,No,HEAL Studies,
HDP00072,No,HEAL Studies,
HDP00073,No,HEAL Studies,
HDP00074,Yes,HEAL Research Network,HEALING COMMUNITIES
HDP00075,No,HEAL Studies,
HDP00076,Yes,HEAL Research Network,ACT NOW
HDP00077,No,HEAL Studies,
HDP00078,No,HEAL Studies,
HDP00080,Yes,HEAL Research Network,EPPIC-NET
HDP00081,Yes,HEAL Research Network,EPPIC-NET
HDP00082,No,HEAL Studies,
HDP00083,No,HEAL Studies,
HDP00084,Yes,HEAL Research Network,HEALING COMMUNITIES
HDP00085,No,HEAL Studies,
HDP00086,Yes,HEAL Research Network,IMPOWR
HDP00087,Yes,HEAL Research Network,HBCD
HDP00088,No,HEAL Studies,
HDP00089,No,HEAL Studies,
HDP00090,No,HEAL Studies,
HDP00091,Yes,HEAL Research Network,JCOIN
HDP00092,Yes,HEAL Research Network,HBCD
HDP00093,No,HEAL Studies,
HDP00094,Yes,HEAL Research Network,EPPIC-NET
HDP00095,No,HEAL Studies,
HDP00096,No,HEAL Studies,
HDP00097,No,HEAL Studies,
HDP00098,Yes,HEAL Research Network,EPPIC-NET
HDP00099,No,HEAL Studies,
HDP00100,Yes,HEAL Research Network,HBCD
HDP00101,No,HEAL Studies,
HDP00102,No,HEAL Studies,
HDP00103,No,HEAL Studies,
HDP00104,No,HEAL Studies,
HDP00105,No,HEAL Studies,
HDP00106,Yes,HEAL Research Network,IMPOWR
HDP00107,No,HEAL Studies,
HDP00108,No,HEAL Studies,
HDP00109,Yes,HEAL Research Network,HBCD
HDP00110,No,HEAL Studies,
HDP00111,No,HEAL Studies,
HDP00112,No,HEAL Studies,
HDP00113,No,HEAL Studies,
HDP00114,No,HEAL Studies,
HDP00115,Yes,HEAL Research Network,HOPE
HDP00116,No,HEAL Studies,
HDP00117,No,HEAL Studies,
HDP00118,No,HEAL Studies,
HDP00119,Yes,HEAL Research Network,PRISM
HDP00120,No,HEAL Studies,
HDP00121,No,HEAL Studies,
HDP00122,Yes,HEAL Research Network,BACPAC
HDP00123,No,HEAL Studies,
HDP00124,Yes,HEAL Research Network,HBCD
HDP00125,Yes,HEAL Research Network,PRISM
HDP00126,No,HEAL Studies,
HDP00127,Yes,HEAL Research Network,HBCD
HDP00128,Yes,HEAL Research Network,HBCD
HDP00129,No,HEAL Studies,
HDP00130,Yes,HEAL Research Network,HOPE
HDP00131,No,HEAL Studies,
HDP00132,No,HEAL Studies,
HDP00133,Yes,HEAL Research Network,HBCD
HDP00134,No,HEAL Studies,
HDP00135,No,HEAL Studies,
HDP00136,No,HEAL Studies,
HDP00137,No,HEAL Studies,
HDP00138,No,HEAL Studies,
HDP00139,No,HEAL Studies,
HDP00140,No,HEAL Studies,
HDP00141,No,HEAL Studies,
HDP00142,No,HEAL Studies,
HDP00143,No,HEAL Studies,
HDP00144,Yes,HEAL Research Network,HBCD
HDP00145,Yes,HEAL Research Network,JCOIN
HDP00146,No,HEAL Studies,
HDP00147,No,HEAL Studies,
HDP00148,No,HEAL Studies,
HDP00149,Yes,HEAL Research Network,EPPIC-NET
HDP00150,Yes,HEAL Research Network,HEALING COMMUNITIES
HDP00151,No,HEAL Studies,
HDP00152,Yes,HEAL Research Network,EPPIC-NET
HDP00153,No,HEAL Studies,
HDP00154,No,HEAL Studies,
HDP00155,No,HEAL Studies,
HDP00156,No,HEAL Studies,
HDP00157,No,HEAL Studies,
HDP00158,Yes,HEAL Research Network,BACPAC
HDP00159,No,HEAL Studies,
HDP00160,No,HEAL Studies,
HDP00161,No,HEAL Studies,
HDP00162,No,HEAL Studies,
HDP00163,Yes,HEAL Research Network,JCOIN
HDP00164,No,HEAL Studies,
HDP00165,No,HEAL Studies,
HDP00166,Yes,HEAL Research Network,JCOIN
HDP00167,No,HEAL Studies,
HDP00168,No,HEAL Studies,
HDP00169,Yes,HEAL Research Network,HOPE
HDP00170,No,HEAL Studies,
HDP00171,No,HEAL Studies,
HDP00172,No,HEAL Studies,
HDP00173,No,HEAL Studies,
HDP00174,No,HEAL Studies,
HDP00175,Yes,HEAL Research Network,HBCD
HDP00176,No,HEAL Studies,
HDP00177,No,HEAL Studies,
HDP00178,Yes,HEAL Research Network,JCOIN
HDP00179,No,HEAL Studies,
HDP00180,Yes,HEAL Research Network,HBCD
HDP00181,No,HEAL Studies,
HDP00182,No,HEAL Studies,
HDP00183,Yes,HEAL Research Network,JCOIN
HDP00184,No,HEAL Studies,
HDP00185,Yes,HEAL Research Network,ACT NOW
HDP00186,No,HEAL Studies,
HDP00187,No,HEAL Studies,
HDP00188,No,HEAL Studies,
HDP00189,Yes,HEAL Research Network,HBCD
HDP00190,No,HEAL Studies,
HDP00191,No,HEAL Studies,
HDP00192,Yes,HEAL Research Network,JCOIN
HDP00193,Yes,HEAL Research Network,HBCD
HDP00194,No,HEAL Studies,
HDP00195,No,HEAL Studies,
HDP00196,No,HEAL Studies,
HDP00197,Yes,HEAL Research Network,HOPE
HDP00198,Yes,HEAL Research Network,BACPAC
HDP00199,Yes,HEAL Research Network,HBCD
HDP00200,Yes,HEAL Research Network,PRISM
HDP00201,No,HEAL Studies,
HDP00202,No,HEAL Studies,
HDP00203,Yes,HEAL Research Network,HPC
HDP00204,No,HEAL Studies,
HDP00205,Yes,HEAL Research Network,PRISM
HDP00206,No,HEAL Studies,
HDP00207,Yes,HEAL Research Network,HBCD
HDP00208,No,HEAL Studies,
HDP00209,No,HEAL Studies,
HDP00210,No,HEAL Studies,
HDP00211,No,HEAL Studies,
HDP00212,No,HEAL Studies,
HDP00213,No,HEAL Studies,
HDP00215,Yes,HEAL Research Network,HPC
HDP00216,No,HEAL Studies,
HDP00217,Yes,HEAL Research Network,JCOIN
HDP00218,Yes,HEAL Research Network,EPPIC-NET
HDP00219,No,HEAL Studies,
HDP00220,No,HEAL Studies,
HDP00221,No,HEAL Studies,
HDP00222,No,HEAL Studies,
HDP00223,No,HEAL Studies,
HDP00224,No,HEAL Studies,
HDP00225,Yes,HEAL Research Network,HBCD
HDP00226,No,HEAL Studies,
HDP00227,No,HEAL Studies,
HDP00228,No,HEAL Studies,
HDP00229,Yes,HEAL Research Network,HPC
HDP00230,No,HEAL Studies,
HDP00231,No,HEAL Studies,
HDP00232,No,HEAL Studies,
HDP00233,Yes,HEAL Research Network,BACPAC
HDP00234,Yes,HEAL Research Network,HBCD
HDP00235,No,HEAL Studies,
HDP00236,No,HEAL Studies,
HDP00237,No,HEAL Studies,
HDP00238,Yes,HEAL Research Network,EPPIC-NET
HDP00239,Yes,HEAL Research Network,BACPAC
HDP00240,No,HEAL Studies,
HDP00241,No,HEAL Studies,
HDP00242,No,HEAL Studies,
HDP00243,Yes,HEAL Research Network,ACT NOW
HDP00244,No,HEAL Studies,
HDP00245,No,HEAL Studies,
HDP00246,No,HEAL Studies,
HDP00247,No,HEAL Studies,
HDP00248,No,HEAL Studies,
HDP00249,No,HEAL Studies,
HDP00250,No,HEAL Studies,
HDP00251,Yes,HEAL Research Network,ACT NOW
HDP00252,No,HEAL Studies,
HDP00253,No,HEAL Studies,
HDP00254,No,HEAL Studies,
HDP00255,No,HEAL Studies,
HDP00256,No,HEAL Studies,
HDP00257,No,HEAL Studies,
HDP00258,Yes,HEAL Research Network,BACPAC
HDP00259,No,HEAL Studies,
HDP00260,No,HEAL Studies,
HDP00261,No,HEAL Studies,
HDP00262,Yes,HEAL Research Network,JCOIN
HDP00263,No,HEAL Studies,
HDP00264,No,HEAL Studies,
HDP00265,No,HEAL Studies,
HDP00266,Yes,HEAL Research Network,EPPIC-NET
HDP00267,Yes,HEAL Research Network,ACT NOW
HDP00268,No,HEAL Studies,
HDP00269,Yes,HEAL Research Network,HBCD
HDP00270,No,HEAL Studies,
HDP00271,No,HEAL Studies,
HDP00272,No,HEAL Studies,
HDP00273,Yes,HEAL Research Network,HBCD
HDP00274,No,HEAL Studies,
HDP00275,Yes,HEAL Research Network,EPPIC-NET
HDP00276,No,HEAL Studies,
HDP00277,Yes,HEAL Research Network,HPC
HDP00278,No,HEAL Studies,
HDP00279,No,HEAL Studies,
HDP00280,Yes,HEAL Research Network,IMPOWR
HDP00281,No,HEAL Studies,
HDP00282,No,HEAL Studies,
HDP00283,No,HEAL Studies,
HDP00284,No,HEAL Studies,
HDP00285,Yes,HEAL Research Network,HPC
HDP00286,Yes,HEAL Research Network,HOPE
HDP00287,No,HEAL Studies,
HDP00288,Yes,HEAL Research Network,HPC
HDP00289,No,HEAL Studies,
HDP00290,Yes,HEAL Research Network,IMPOWR
HDP00291,No,HEAL Studies,
HDP00292,No,HEAL Studies,
HDP00293,No,HEAL Studies,
HDP00294,Yes,HEAL Research Network,EPPIC-NET
HDP00295,No,HEAL Studies,
HDP00296,No,HEAL Studies,
HDP00297,Yes,HEAL Research Network,HPC
HDP00298,Yes,HEAL Research Network,HBCD
HDP00299,No,HEAL Studies,
HDP00300,No,HEAL Studies,
HDP00301,Yes,HEAL Research Network,HPC
HDP00302,Yes,HEAL Research Network,ACT NOW
HDP00303,No,HEAL Studies,
HDP00304,No,HEAL Studies,
HDP00305,No,HEAL Studies,
HDP00306,Yes,HEAL Research Network,HBCD
HDP00307,No,HEAL Studies,
HDP00308,Yes,HEAL Research Network,BACPAC
HDP00309,Yes,HEAL Research Network,PRISM
HDP00310,No,HEAL Studies,
HDP00311,Yes,HEAL Research Network,JCOIN
HDP00312,No,HEAL Studies,
HDP00313,No,HEAL Studies,
HDP00314,Yes,HEAL Research Network,HOPE
HDP00315,No,HEAL Studies,
HDP00316,No,HEAL Studies,
HDP00317,No,HEAL Studies,
HDP00318,No,HEAL Studies,
HDP00319,Yes,HEAL Research Network,HBCD
HDP00320,No,HEAL Studies,
HDP00321,No,HEAL Studies,
HDP00322,Yes,HEAL Research Network,HBCD
HDP00323,Yes,HEAL Research Network,BACPAC
HDP00324,Yes,HEAL Research Network,EPPIC-NET
HDP00325,No,HEAL Studies,
HDP00326,No,HEAL Studies,
HDP00327,No,HEAL Studies,
HDP00328,No,HEAL Studies,
HDP00329,Yes,HEAL Research Network,HBCD
HDP00330,No,HEAL Studies,
HDP00331,No,HEAL Studies,
HDP00332,No,HEAL Studies,
HDP00333,No,HEAL Studies,
HDP00334,No,HEAL Studies,
HDP00336,No,HEAL Studies,
HDP00337,No,HEAL Studies,
HDP00338,Yes,HEAL Research Network,EPPIC-NET
HDP00339,No,HEAL Studies,
HDP00340,Yes,HEAL Research Network,ACT NOW
HDP00342,No,HEAL Studies,
HDP00343,No,HEAL Studies,
HDP00344,Yes,HEAL Research Network,BACPAC
HDP00345,No,HEAL Studies,
HDP00346,No,HEAL Studies,
HDP00347,No,HEAL Studies,
HDP00348,No,HEAL Studies,
HDP00349,Yes,HEAL Research Network,BACPAC
HDP00350,No,HEAL Studies,
HDP00351,Yes,HEAL Research Network,HBCD
HDP00352,Yes,HEAL Research Network,HBCD
HDP00353,No,HEAL Studies,
HDP00354,No,HEAL Studies,
HDP00355,Yes,HEAL Research Network,HBCD
HDP00356,Yes,HEAL Research Network,BACPAC
HDP00357,Yes,HEAL Research Network,JCOIN
HDP00358,No,HEAL Studies,
HDP00359,Yes,HEAL Research Network,HBCD
HDP00360,Yes,HEAL Research Network,HEALING COMMUNITIES
HDP00361,Yes,HEAL Research Network,HBCD
HDP00362,Yes,HEAL Research Network,JCOIN
HDP00363,No,HEAL Studies,
HDP00364,No,HEAL Studies,
HDP00365,No,HEAL Studies,
HDP00366,Yes,HEAL Research Network,BACPAC
HDP00367,Yes,HEAL Research Network,HBCD
HDP00368,No,HEAL Studies,
HDP00369,No,HEAL Studies,
HDP00370,No,HEAL Studies,
HDP00371,No,HEAL Studies,
HDP00372,No,HEAL Studies,
HDP00373,No,HEAL Studies,
HDP00374,No,HEAL Studies,
HDP00375,Yes,HEAL Research Network,HBCD
HDP00376,No,HEAL Studies,
HDP00377,No,HEAL Studies,
HDP00378,Yes,HEAL Research Network,HOPE
HDP00379,Yes,HEAL Research Network,HBCD
HDP00380,No,HEAL Studies,
HDP00381,No,HEAL Studies,
HDP00382,No,HEAL Studies,
HDP00383,Yes,HEAL Research Network,HBCD
HDP00384,No,HEAL Studies,
HDP00385,No,HEAL Studies,
HDP00386,No,HEAL Studies,
HDP00387,Yes,HEAL Research Network,BACPAC
HDP00388,No,HEAL Studies,
HDP00389,No,HEAL Studies,
HDP00390,No,HEAL Studies,
HDP00391,Yes,HEAL Research Network,PRISM
HDP00392,No,HEAL Studies,
HDP00393,Yes,HEAL Research Network,HBCD
HDP00395,No,HEAL Studies,
HDP00396,No,HEAL Studies,
HDP00397,No,HEAL Studies,
HDP00398,No,HEAL Studies,
HDP00399,No,HEAL Studies,
HDP00400,No,HEAL Studies,
HDP00401,No,HEAL Studies,
HDP00402,Yes,HEAL Research Network,HBCD
HDP00403,Yes,HEAL Research Network,PRISM
HDP00404,Yes,HEAL Research Network,HBCD
HDP00405,No,HEAL Studies,
HDP00406,Yes,HEAL Research Network,ACT NOW
HDP00407,Yes,HEAL Research Network,ACT NOW
HDP00408,Yes,HEAL Research Network,ACT NOW
HDP00409,Yes,HEAL Research Network,BACPAC
HDP00410,Yes,HEAL Research Network,BACPAC
HDP00411,Yes,HEAL Research Network,BACPAC
HDP00412,Yes,HEAL Research Network,BACPAC
HDP00413,Yes,HEAL Research Network,ACT NOW
HDP00414,Yes,HEAL Research Network,BACPAC
HDP00415,Yes,HEAL Research Network,BACPAC
HDP00416,Yes,HEAL Research Network,ACT NOW
HDP00417,Yes,HEAL Research Network,ACT NOW
HDP00418,Yes,HEAL Research Network,JCOIN
HDP00419,Yes,HEAL Research Network,JCOIN
HDP00420,Yes,HEAL Research Network,JCOIN
HDP00421,Yes,HEAL Research Network,JCOIN
HDP00422,No,HEAL Studies,
HDP00423,No,HEAL Studies,
HDP00424,No,HEAL Studies,
HDP00425,No,HEAL Studies,
HDP00426,No,HEAL Studies,
HDP00427,No,HEAL Studies,
HDP00428,No,HEAL Studies,
HDP00429,Yes,HEAL Research Network,BACPAC
HDP00430,Yes,HEAL Research Network,BACPAC
HDP00431,Yes,HEAL Research Network,BACPAC
HDP00432,Yes,HEAL Research Network,BACPAC
HDP00433,Yes,HEAL Research Network,BACPAC
HDP00434,Yes,HEAL Research Network,BACPAC
HDP00435,Yes,HEAL Research Network,JCOIN
HDP00436,Yes,HEAL Research Network,JCOIN
HDP00437,Yes,HEAL Research Network,JCOIN
HDP00438,Yes,HEAL Research Network,JCOIN
HDP00439,Yes,HEAL Research Network,JCOIN
HDP00440,Yes,HEAL Research Network,BACPAC
HDP00441,Yes,HEAL Research Network,BACPAC
HDP00442,Yes,HEAL Research Network,BACPAC
HDP00443,Yes,HEAL Research Network,BACPAC
HDP00444,Yes,HEAL Research Network,BACPAC
HDP00445,Yes,HEAL Research Network,BACPAC
HDP00446,Yes,HEAL Research Network,BACPAC
HDP00447,No,HEAL Studies,
HDP00448,No,HEAL Studies,
HDP00449,No,HEAL Studies,
HDP00450,No,HEAL Studies,
HDP00451,No,HEAL Studies,
HDP00452,No,HEAL Studies,
HDP00453,No,HEAL Studies,
HDP00454,No,HEAL Studies,
HDP00455,No,HEAL Studies,
HDP00456,No,HEAL Studies,
HDP00458,No,HEAL Studies,
HDP00460,Yes,HEAL Research Network,MFMU
HDP00461,No,HEAL Studies,
HDP00463,No,HEAL Studies,
HDP00464,Yes,HEAL Research Network,BACPAC
HDP00465,No,HEAL Studies,
HDP00466,No,HEAL Studies,
HDP00467,No,HEAL Studies,
HDP00468,No,HEAL Studies,
HDP00469,No,HEAL Studies,
HDP00470,No,HEAL Studies,
HDP00471,No,HEAL Studies,
HDP00472,No,HEAL Studies,
HDP00473,No,HEAL Studies,
HDP00474,No,HEAL Studies,
HDP00476,No,HEAL Studies,
HDP00478,No,HEAL Studies,
HDP00479,No,HEAL Studies,
HDP00480,Yes,HEAL Research Network,HOPE
HDP00481,Yes,HEAL Research Network,HOPE
HDP00482,No,HEAL Studies,
HDP00486,Yes,HEAL Research Network,HPC
HDP00487,Yes,HEAL Research Network,ACT NOW
HDP00488,Yes,HEAL Research Network,BACPAC
HDP00489,No,HEAL Studies,
HDP00491,No,HEAL Studies,
HDP00493,No,HEAL Studies,
HDP00494,No,HEAL Studies,
HDP00495,No,HEAL Studies,
HDP00496,Yes,HEAL Research Network,HOPE
HDP00497,Yes,HEAL Research Network,HOPE
HDP00498,Yes,HEAL Research Network,PRISM
HDP00499,No,HEAL Studies,
HDP00502,No,HEAL Studies,
HDP00503,Yes,HEAL Research Network,JCOIN
HDP00507,No,HEAL Studies,
HDP00509,No,HEAL Studies,
HDP00510,Yes,HEAL Research Network,ACT NOW
HDP00511,No,HEAL Studies,
HDP00512,Yes,HEAL Research Network,JCOIN
HDP00514,No,HEAL Studies,
HDP00515,No,HEAL Studies,
HDP00516,No,HEAL Studies,
HDP00517,No,HEAL Studies,
HDP00518,No,HEAL Studies,
HDP00519,No,HEAL Studies,
HDP00520,No,HEAL Studies,
HDP00521,No,HEAL Studies,
HDP00522,No,HEAL Studies,
HDP00523,No,HEAL Studies,
HDP00525,No,HEAL Studies,
HDP00527,No,HEAL Studies,
HDP00528,Yes,HEAL Research Network,MFMU
HDP00531,No,HEAL Studies,
HDP00532,Yes,HEAL Research Network,BACPAC
HDP00533,Yes,HEAL Research Network,HPC
HDP00537,No,HEAL Studies,
HDP00538,No,HEAL Studies,
HDP00540,Yes,HEAL Research Network,ACT NOW
HDP00541,No,HEAL Studies,
HDP00542,No,HEAL Studies,
HDP00543,No,HEAL Studies,
HDP00544,No,HEAL Studies,
HDP00545,No,HEAL Studies,
HDP00546,No,HEAL Studies,
HDP00547,Yes,HEAL Research Network,A2CPS
HDP00548,Yes,HEAL Research Network,BACPAC
HDP00551,Yes,HEAL Research Network,BACPAC
HDP00552,No,HEAL Studies,
HDP00553,Yes,HEAL Research Network,JCOIN
HDP00554,No,HEAL Studies,
HDP00556,No,HEAL Studies,
HDP00557,No,HEAL Studies,
HDP00558,No,HEAL Studies,
HDP00559,No,HEAL Studies,
HDP00562,No,HEAL Studies,
HDP00564,Yes,HEAL Research Network,BACPAC
HDP00567,No,HEAL Studies,
HDP00569,No,HEAL Studies,
HDP00572,No,HEAL Studies,
HDP00573,No,HEAL Studies,
HDP00574,No,HEAL Studies,
HDP00575,Yes,HEAL Research Network,JCOIN
HDP00576,No,HEAL Studies,
HDP00578,No,HEAL Studies,
HDP00580,No,HEAL Studies,
HDP00581,No,HEAL Studies,
HDP00582,No,HEAL Studies,
HDP00583,No,HEAL Studies,
HDP00585,No,HEAL Studies,
HDP00586,Yes,HEAL Research Network,HPC
HDP00587,No,HEAL Studies,
HDP00593,No,HEAL Studies,
HDP00594,Yes,HEAL Research Network,ACT NOW
HDP00595,Yes,HEAL Research Network,ACT NOW
HDP00596,No,HEAL Studies,
HDP00597,No,HEAL Studies,
HDP00598,Yes,HEAL Research Network,HEALING COMMUNITIES
HDP00600,Yes,HEAL Research Network,EPPIC-NET
HDP00602,No,HEAL Studies,
HDP00606,No,HEAL Studies,
HDP00610,No,HEAL Studies,
HDP00611,Yes,HEAL Research Network,HPC
HDP00612,No,HEAL Studies,
HDP00613,No,HEAL Studies,
HDP00616,Yes,HEAL Research Network,HEALING COMMUNITIES
HDP00618,No,HEAL Studies,
HDP00619,No,HEAL Studies,
HDP00620,Yes,HEAL Research Network,ACT NOW
HDP00621,Yes,HEAL Research Network,ACT NOW
HDP00624,Yes,HEAL Research Network,EPPIC-NET
HDP00625,No,HEAL Studies,
HDP00626,No,HEAL Studies,
HDP00627,No,HEAL Studies,
HDP00628,No,HEAL Studies,
HDP00630,No,HEAL Studies,
HDP00631,Yes,HEAL Research Network,EPPIC-NET
HDP00632,No,HEAL Studies,
HDP00634,No,HEAL Studies,
HDP00635,Yes,HEAL Research Network,ACT NOW
HDP00636,No,HEAL Studies,
HDP00638,No,HEAL Studies,
HDP00639,No,HEAL Studies,
HDP00640,Yes,HEAL Research Network,JCOIN
HDP00642,No,HEAL Studies,
HDP00643,Yes,HEAL Research Network,JCOIN
HDP00644,No,HEAL Studies,
HDP00645,Yes,HEAL Research Network,BACPAC
HDP00646,No,HEAL Studies,
HDP00647,No,HEAL Studies,
HDP00648,Yes,HEAL Research Network,EPPIC-NET
HDP00652,No,HEAL Studies,
HDP00656,Yes,HEAL Research Network,EPPIC-NET
HDP00657,Yes,HEAL Research Network,ACT NOW
HDP00660,Yes,HEAL Research Network,BACPAC
HDP00662,No,HEAL Studies,
HDP00663,No,HEAL Studies,
HDP00664,Yes,HEAL Research Network,JCOIN
HDP00665,No,HEAL Studies,
HDP00666,No,HEAL Studies,
HDP00667,No,HEAL Studies,
HDP00668,Yes,HEAL Research Network,BACPAC
HDP00669,Yes,HEAL Research Network,JCOIN
HDP00672,No,HEAL Studies,
HDP00673,No,HEAL Studies,
HDP00674,No,HEAL Studies,
HDP00675,No,HEAL Studies,
HDP00676,No,HEAL Studies,
HDP00677,Yes,HEAL Research Network,BACPAC
HDP00679,No,HEAL Studies,
HDP00680,No,HEAL Studies,
HDP00681,No,HEAL Studies,
HDP00682,Yes,HEAL Research Network,EPPIC-NET
HDP00683,No,HEAL Studies,
HDP00684,No,HEAL Studies,
HDP00686,Yes,HEAL Research Network,JCOIN
HDP00687,No,HEAL Studies,
HDP00690,Yes,HEAL Research Network,BACPAC
HDP00691,No,HEAL Studies,
HDP00692,Yes,HEAL Research Network,BACPAC
HDP00693,No,HEAL Studies,
HDP00694,Yes,HEAL Research Network,ACT NOW
HDP00696,No,HEAL Studies,
HDP00697,No,HEAL Studies,
HDP00699,No,HEAL Studies,
HDP00702,No,HEAL Studies,
HDP00703,No,HEAL Studies,
HDP00704,No,HEAL Studies,
HDP00705,No,HEAL Studies,
HDP00706,Yes,HEAL Research Network,BACPAC
HDP00707,No,HEAL Studies,
HDP00708,No,HEAL Studies,
HDP00709,No,HEAL Studies,
HDP00710,Yes,HEAL Research Network,HPC
HDP00711,No,HEAL Studies,
HDP00712,No,HEAL Studies,
HDP00714,No,HEAL Studies,
HDP00715,Yes,HEAL Research Network,BACPAC
HDP00716,Yes,HEAL Research Network,JCOIN
HDP00717,No,HEAL Studies,
HDP00718,No,HEAL Studies,
HDP00722,Yes,HEAL Research Network,JCOIN
HDP00723,No,HEAL Studies,
HDP00725,No,HEAL Studies,
HDP00727,Yes,HEAL Research Network,JCOIN
HDP00728,Yes,HEAL Research Network,BACPAC
HDP00729,No,HEAL Studies,
HDP00730,No,HEAL Studies,
HDP00731,No,HEAL Studies,
HDP00736,No,HEAL Studies,
HDP00737,No,HEAL Studies,
HDP00738,No,HEAL Studies,
HDP00739,Yes,HEAL Research Network,EPPIC-NET
HDP00742,Yes,HEAL Research Network,EPPIC-NET
HDP00744,No,HEAL Studies,
HDP00745,Yes,HEAL Research Network,PRISM
HDP00746,No,HEAL Studies,
HDP00747,Yes,HEAL Research Network,HPC
HDP00748,No,HEAL Studies,
HDP00749,No,HEAL Studies,
HDP00750,No,HEAL Studies,
HDP00751,Yes,HEAL Research Network,JCOIN
HDP00752,No,HEAL Studies,
HDP00753,Yes,HEAL Research Network,HBCD
HDP00754,No,HEAL Studies,
HDP00755,Yes,HEAL Research Network,JCOIN
HDP00756,Yes,HEAL Research Network,HBCD
HDP00757,No,HEAL Studies,
HDP00758,Yes,HEAL Research Network,HBCD
HDP00759,No,HEAL Studies,
HDP00760,Yes,HEAL Research Network,HBCD
HDP00761,No,HEAL Studies,
HDP00763,No,HEAL Studies,
HDP00765,No,HEAL Studies,
HDP00766,No,HEAL Studies,
HDP00767,No,HEAL Studies,
HDP00768,Yes,HEAL Research Network,HBCD
HDP00769,Yes,HEAL Research Network,HBCD
HDP00770,No,HEAL Studies,
HDP00771,No,HEAL Studies,
HDP00772,No,HEAL Studies,
HDP00774,Yes,HEAL Research Network,HBCD
HDP00775,Yes,HEAL Research Network,HBCD
HDP00776,Yes,HEAL Research Network,HBCD
HDP00777,Yes,HEAL Research Network,HBCD
HDP00778,No,HEAL Studies,
HDP00779,No,HEAL Studies,
HDP00780,No,HEAL Studies,
HDP00781,Yes,HEAL Research Network,HBCD
HDP00782,No,HEAL Studies,
HDP00783,No,HEAL Studies,
HDP00784,Yes,HEAL Research Network,HBCD
HDP00785,Yes,HEAL Research Network,HBCD
HDP00786,Yes,HEAL Research Network,HBCD
HDP00787,No,HEAL Studies,
HDP00788,Yes,HEAL Research Network,JCOIN
HDP00789,No,HEAL Studies,
HDP00790,No,HEAL Studies,
HDP00791,No,HEAL Studies,
HDP00792,Yes,HEAL Research Network,HBCD
HDP00793,Yes,HEAL Research Network,EPPIC-NET
HDP00794,Yes,HEAL Research Network,BACPAC
HDP00795,Yes,HEAL Research Network,PRISM
HDP00796,No,HEAL Studies,
HDP00797,No,HEAL Studies,
HDP00798,No,HEAL Studies,
HDP00799,No,HEAL Studies,
HDP00800,Yes,HEAL Research Network,IMPOWR
HDP00801,Yes,HEAL Research Network,PRISM
HDP00803,Yes,HEAL Research Network,HBCD
HDP00804,Yes,HEAL Research Network,HBCD
HDP00805,Yes,HEAL Research Network,HBCD
HDP00806,Yes,HEAL Research Network,HBCD
HDP00807,No,HEAL Studies,
HDP00808,Yes,HEAL Research Network,HBCD
HDP00809,Yes,HEAL Research Network,HBCD
HDP00810,Yes,HEAL Research Network,HBCD
HDP00812,Yes,HEAL Research Network,ACT NOW
HDP00813,Yes,HEAL Research Network,HBCD
HDP00814,Yes,HEAL Research Network,HBCD
HDP00815,Yes,HEAL Research Network,HBCD
HDP00816,Yes,HEAL Research Network,HBCD
HDP00817,Yes,HEAL Research Network,JCOIN
HDP00819,Yes,HEAL Research Network,HBCD
HDP00820,Yes,HEAL Research Network,HBCD
HDP00821,Yes,HEAL Research Network,HBCD
HDP00822,No,HEAL Studies,
HDP00823,No,HEAL Studies,
HDP00824,No,HEAL Studies,
HDP00825,No,HEAL Studies,
HDP00826,No,HEAL Studies,
HDP00827,Yes,HEAL Research Network,HBCD
HDP00828,No,HEAL Studies,
HDP00829,Yes,HEAL Research Network,HBCD
HDP00830,Yes,HEAL Research Network,BACPAC
HDP00831,Yes,HEAL Research Network,BACPAC
HDP00832,No,HEAL Studies,
HDP00834,Yes,HEAL Research Network,JCOIN
HDP00835,No,HEAL Studies,
HDP00836,Yes,HEAL Research Network,HBCD
HDP00837,Yes,HEAL Research Network,HBCD
HDP00838,Yes,HEAL Research Network,HBCD
HDP00839,Yes,HEAL Research Network,HBCD
HDP00840,Yes,HEAL Research Network,HBCD
HDP00841,Yes,HEAL Research Network,HBCD
HDP00842,Yes,HEAL Research Network,HBCD
HDP00843,Yes,HEAL Research Network,HBCD
HDP00844,Yes,HEAL Research Network,HBCD
HDP00845,Yes,HEAL Research Network,HBCD
HDP00846,No,HEAL Studies,
HDP00847,No,HEAL Studies,
HDP00848,Yes,HEAL Research Network,JCOIN
HDP00849,Yes,HEAL Research Network,EPPIC-NET
HDP00850,No,HEAL Studies,
HDP00851,No,HEAL Studies,
HDP00852,Yes,HEAL Research Network,HEALING COMMUNITIES
HDP00853,Yes,HEAL Research Network,HEALING COMMUNITIES
HDP00855,Yes,HEAL Research Network,HEALING COMMUNITIES
HDP00856,Yes,HEAL Research Network,HBCD
HDP00857,Yes,HEAL Research Network,HEALING COMMUNITIES
HDP00858,No,HEAL Studies,
HDP00859,Yes,HEAL Research Network,HBCD
HDP00860,No,HEAL Studies,
HDP00861,Yes,HEAL Research Network,HBCD
HDP00863,No,HEAL Studies,
HDP00864,No,HEAL Studies,
HDP00865,No,HEAL Studies,
HDP00866,Yes,HEAL Research Network,JCOIN
HDP00867,Yes,HEAL Research Network,HOPE
HDP00868,Yes,HEAL Research Network,EPPIC-NET
HDP00869,Yes,HEAL Research Network,HBCD
HDP00870,Yes,HEAL Research Network,JCOIN
HDP00871,Yes,HEAL Research Network,HBCD
HDP00872,No,HEAL Studies,
HDP00873,No,HEAL Studies,
HDP00874,No,HEAL Studies,
HDP00875,Yes,HEAL Research Network,HBCD
HDP00876,Yes,HEAL Research Network,HBCD
HDP00877,Yes,HEAL Research Network,HBCD
HDP00878,Yes,HEAL Research Network,JCOIN
HDP00879,No,HEAL Studies,
HDP00880,Yes,HEAL Research Network,HBCD
HDP00887,Yes,HEAL Research Network,DATA 2 ACTION
HDP00888,No,HEAL Studies,
HDP00889,No,HEAL Studies,
HDP00890,Yes,HEAL Research Network,RE-JOIN
HDP00891,No,HEAL Studies,
HDP00892,No,HEAL Studies,
HDP00893,No,HEAL Studies,
HDP00894,No,HEAL Studies,
HDP00895,No,HEAL Studies,
HDP00896,Yes,HEAL Research Network,IMPOWR
HDP00898,No,HEAL Studies,
HDP00899,No,HEAL Studies,
HDP00900,No,HEAL Studies,
HDP00901,No,HEAL Studies,
HDP00902,Yes,HEAL Research Network,PRECISION
HDP00903,No,HEAL Studies,
HDP00904,No,HEAL Studies,
HDP00905,No,HEAL Studies,
HDP00906,No,HEAL Studies,
HDP00907,Yes,HEAL Research Network,DATA 2 ACTION
HDP00908,No,HEAL Studies,
HDP00909,No,HEAL Studies,
HDP00910,No,HEAL Studies,
HDP00911,No,HEAL Studies,
HDP00912,No,HEAL Studies,
HDP00913,Yes,HEAL Research Network,EPPIC-NET
HDP00914,Yes,HEAL Research Network,DATA 2 ACTION
HDP00915,No,HEAL Studies,
HDP00916,No,HEAL Studies,
HDP00917,No,HEAL Studies,
HDP00918,No,HEAL Studies,
HDP00919,No,HEAL Studies,
HDP00920,Yes,HEAL Research Network,PRECISION
HDP00921,No,HEAL Studies,
HDP00922,No,HEAL Studies,
HDP00923,No,HEAL Studies,
HDP00924,No,HEAL Studies,
HDP00925,No,HEAL Studies,
HDP00926,No,HEAL Studies,
HDP00927,No,HEAL Studies,
HDP00928,No,HEAL Studies,
HDP00929,No,HEAL Studies,
HDP00930,No,HEAL Studies,
HDP00931,No,HEAL Studies,
HDP00932,No,HEAL Studies,
HDP00933,No,HEAL Studies,
HDP00934,No,HEAL Studies,
HDP00935,No,HEAL Studies,
HDP00936,No,HEAL Studies,
HDP00937,Yes,HEAL Research Network,RE-JOIN
HDP00938,No,HEAL Studies,
HDP00939,No,HEAL Studies,
HDP00940,No,HEAL Studies,
HDP00941,No,HEAL Studies,
HDP00942,No,HEAL Studies,
HDP00943,No,HEAL Studies,
HDP00944,No,HEAL Studies,
HDP00945,No,HEAL Studies,
HDP00946,No,HEAL Studies,
HDP00947,No,HEAL Studies,
HDP00948,No,HEAL Studies,
HDP00949,No,HEAL Studies,
HDP00950,No,HEAL Studies,
HDP00951,Yes,HEAL Research Network,RE-JOIN
HDP00952,No,HEAL Studies,
HDP00953,No,HEAL Studies,
HDP00954,No,HEAL Studies,
HDP00955,No,HEAL Studies,
HDP00956,No,HEAL Studies,
HDP00957,No,HEAL Studies,
HDP00958,No,HEAL Studies,
HDP00959,No,HEAL Studies,
HDP00960,Yes,HEAL Research Network,RE-JOIN
HDP00961,No,HEAL Studies,
HDP00962,No,HEAL Studies,
HDP00963,Yes,HEAL Research Network,JCOIN
HDP00964,No,HEAL Studies,
HDP00965,Yes,HEAL Research Network,DATA 2 ACTION
HDP00966,No,HEAL Studies,
HDP00967,No,HEAL Studies,
HDP00968,No,HEAL Studies,
HDP00969,No,HEAL Studies,
HDP00970,No,HEAL Studies,
HDP00971,Yes,HEAL Research Network,PRECISION
HDP00972,No,HEAL Studies,
HDP00973,No,HEAL Studies,
HDP00974,No,HEAL Studies,
HDP00975,No,HEAL Studies,
HDP00976,No,HEAL Studies,
HDP00977,No,HEAL Studies,
HDP00978,No,HEAL Studies,
HDP00979,No,HEAL Studies,
HDP00980,No,HEAL Studies,
HDP00981,No,HEAL Studies,
HDP00982,No,HEAL Studies,
HDP00983,Yes,HEAL Research Network,IMPOWR
HDP00984,No,HEAL Studies,
HDP00985,No,HEAL Studies,
HDP00986,No,HEAL Studies,
HDP00987,Yes,HEAL Research Network,DATA 2 ACTION
HDP00988,Yes,HEAL Research Network,DATA 2 ACTION
HDP00989,No,HEAL Studies,
HDP00990,No,HEAL Studies,
HDP00991,No,HEAL Studies,
HDP00992,No,HEAL Studies,
HDP00993,No,HEAL Studies,
HDP00994,No,HEAL Studies,
HDP00995,No,HEAL Studies,
HDP00996,Yes,HEAL Research Network,RE-JOIN
HDP00997,No,HEAL Studies,
HDP00998,No,HEAL Studies,
HDP00999,Yes,HEAL Research Network,DATA 2 ACTION
HDP01000,No,HEAL Studies,
HDP01001,No,HEAL Studies,
HDP01002,No,HEAL Studies,
HDP01003,Yes,HEAL Research Network,DATA 2 ACTION
HDP01004,No,HEAL Studies,
HDP01005,No,HEAL Studies,
HDP01006,No,HEAL Studies,
HDP01007,No,HEAL Studies,
HDP01008,No,HEAL Studies,
HDP01009,No,HEAL Studies,
HDP01010,No,HEAL Studies,
HDP01011,No,HEAL Studies,
HDP01012,No,HEAL Studies,
HDP01013,No,HEAL Studies,
HDP01014,No,HEAL Studies,
HDP01015,No,HEAL Studies,
HDP01016,No,HEAL Studies,
HDP01017,No,HEAL Studies,
HDP01018,No,HEAL Studies,
HDP01019,No,HEAL Studies,
HDP01020,No,HEAL Studies,
HDP01021,Yes,HEAL Research Network,DATA 2 ACTION
HDP01022,No,HEAL Studies,
HDP01023,No,HEAL Studies,
HDP01024,No,HEAL Studies,
HDP01025,No,HEAL Studies,
HDP01026,Yes,HEAL Research Network,ACT NOW
HDP01027,No,HEAL Studies,
HDP01028,Yes,HEAL Research Network,EPPIC-NET
HDP01029,No,HEAL Studies,
HDP01030,No,HEAL Studies,
HDP01031,No,HEAL Studies,
HDP01032,No,HEAL Studies,
HDP01033,No,HEAL Studies,
HDP01034,No,HEAL Studies,
HDP01035,Yes,HEAL Research Network,DATA 2 ACTION
HDP01036,Yes,HEAL Research Network,DATA 2 ACTION
HDP01037,Yes,HEAL Research Network,DATA 2 ACTION
HDP01038,Yes,HEAL Research Network,DATA 2 ACTION
HDP01039,No,HEAL Studies,
HDP01040,No,HEAL Studies,
HDP01041,No,HEAL Studies,
HDP01042,No,HEAL Studies,
HDP01043,No,HEAL Studies,
HDP01044,No,HEAL Studies,
HDP01045,Yes,HEAL Research Network,IMPOWR
HDP01046,Yes,HEAL Research Network,IMPOWR
HDP01047,Yes,HEAL Research Network,IMPOWR
HDP01048,Yes,HEAL Research Network,IMPOWR
HDP01049,Yes,HEAL Research Network,IMPOWR
HDP01050,Yes,HEAL Research Network,EPPIC-NET
HDP01051,Yes,HEAL Research Network,EPPIC-NET
HDP01052,Yes,HEAL Research Network,HARM REDUCTION
HDP01053,No,HEAL Studies,
HDP01054,No,HEAL Studies,
HDP01055,No,HEAL Studies,
HDP01056,Yes,HEAL Research Network,HARM REDUCTION
HDP01057,Yes,HEAL Research Network,HARM REDUCTION
HDP01058,Yes,HEAL Research Network,HARM REDUCTION
HDP01059,No,HEAL Studies,
HDP01060,Yes,HEAL Research Network,HARM REDUCTION
HDP01061,Yes,HEAL Research Network,IMPOWR
HDP01062,No,HEAL Studies,
HDP01063,No,HEAL Studies,
HDP01064,Yes,HEAL Research Network,HARM REDUCTION
HDP01068,Yes,HEAL Research Network,HARM REDUCTION
HDP01069,Yes,HEAL Research Network,A2CPS
HDP01070,No,HEAL Studies,
HDP01071,Yes,HEAL Research Network,HARM REDUCTION
HDP01072,Yes,HEAL Research Network,HARM REDUCTION
HDP01073,Yes,HEAL Research Network,HARM REDUCTION
HDP01074,No,HEAL Studies,
HDP01075,Yes,HEAL Research Network,HARM REDUCTION
HDP01076,No,HEAL Studies,
HDP01077,Yes,HEAL Research Network,PRISM
HDP01078,No,HEAL Studies,
HDP01079,No,HEAL Studies,
HDP01080,No,HEAL Studies,
HDP01081,No,HEAL Studies,
HDP01082,No,HEAL Studies,
HDP01083,No,HEAL Studies,
HDP01084,No,HEAL Studies,
HDP01085,No,HEAL Studies,
HDP01086,No,HEAL Studies,
HDP01087,No,HEAL Studies,
HDP01088,No,HEAL Studies,
HDP01089,No,HEAL Studies,
HDP01090,No,HEAL Studies,
HDP01091,No,HEAL Studies,
HDP01092,No,HEAL Studies,
HDP01093,No,HEAL Studies,
HDP01094,No,HEAL Studies,
HDP01095,No,HEAL Studies,
HDP01096,No,HEAL Studies,
HDP01097,No,HEAL Studies,
HDP01098,No,HEAL Studies,
HDP01099,No,HEAL Studies,
HDP01100,No,HEAL Studies,
HDP01101,No,HEAL Studies,
HDP01102,Yes,HEAL Research Network,MIRHIQL
HDP01103,No,HEAL Studies,
HDP01104,Yes,HEAL Research Network,HBCD
HDP01105,Yes,HEAL Research Network,MIRHIQL
HDP01106,Yes,HEAL Research Network,MIRHIQL
HDP01107,No,HEAL Studies,
HDP01108,Yes,HEAL Research Network,PRISM
HDP01109,Yes,HEAL Research Network,HBCD
HDP01110,Yes,HEAL Research Network,DATA 2 ACTION
HDP01111,No,HEAL Studies,
HDP01112,Yes,HEAL Research Network,MIRHIQL
HDP01113,Yes,HEAL Research Network,MIRHIQL
HDP01114,No,HEAL Studies,
HDP01115,No,HEAL Studies,
HDP01116,Yes,HEAL Research Network,HBCD
HDP01117,No,HEAL Studies,
HDP01118,Yes,HEAL Research Network,DATA 2 ACTION
HDP01119,No,HEAL Studies,
HDP01120,No,HEAL Studies,
HDP01121,No,HEAL Studies,
HDP01122,No,HEAL Studies,
HDP01123,Yes,HEAL Research Network,A2CPS
HDP01124,No,HEAL Studies,
HDP01125,No,HEAL Studies,
HDP01126,No,HEAL Studies,
HDP01127,No,HEAL Studies,
HDP01128,No,HEAL Studies,
HDP01129,No,HEAL Studies,
HDP01130,No,HEAL Studies,
HDP01131,No,HEAL Studies,
HDP01132,Yes,HEAL Research Network,HBCD
HDP01133,No,HEAL Studies,
HDP01134,Yes,HEAL Research Network,HBCD
HDP01135,No,HEAL Studies,
HDP01136,No,HEAL Studies,
HDP01137,No,HEAL Studies,
HDP01138,Yes,HEAL Research Network,HBCD
HDP01139,No,HEAL Studies,
HDP01140,No,HEAL Studies,
HDP01141,Yes,HEAL Research Network,HBCD
HDP01142,No,HEAL Studies,
HDP01143,No,HEAL Studies,
HDP01144,Yes,HEAL Research Network,HBCD
HDP01145,Yes,HEAL Research Network,DATA 2 ACTION
HDP01146,No,HEAL Studies,
HDP01147,No,HEAL Studies,
HDP01148,Yes,HEAL Research Network,PRISM
HDP01149,No,HEAL Studies,
HDP01150,No,HEAL Studies,
HDP01151,No,HEAL Studies,
HDP01152,No,HEAL Studies,
HDP01153,Yes,HEAL Research Network,DATA 2 ACTION
HDP01154,No,HEAL Studies,
HDP01155,Yes,HEAL Research Network,PRECISION
HDP01156,No,HEAL Studies,
HDP01157,No,HEAL Studies,
HDP01158,No,HEAL Studies,
HDP01159,No,HEAL Studies,
HDP01160,No,HEAL Studies,
HDP01161,No,HEAL Studies,
HDP01162,No,HEAL Studies,
HDP01163,No,HEAL Studies,
HDP01164,No,HEAL Studies,
HDP01165,No,HEAL Studies,
HDP01166,No,HEAL Studies,
HDP01167,No,HEAL Studies,
HDP01168,No,HEAL Studies,
HDP01169,No,HEAL Studies,
HDP01170,No,HEAL Studies,
HDP01171,No,HEAL Studies,
HDP01172,No,HEAL Studies,
HDP01173,No,HEAL Studies,
HDP01174,No,HEAL Studies,
HDP01175,No,HEAL Studies,
HDP01176,No,HEAL Studies,
HDP01177,No,HEAL Studies,
HDP01178,No,HEAL Studies,
HDP01179,No,HEAL Studies,
HDP01180,No,HEAL Studies,
HDP01181,No,HEAL Studies,
HDP01182,No,HEAL Studies,
HDP01183,No,HEAL Studies,
HDP01184,No,HEAL Studies,
HDP01185,No,HEAL Studies,
HDP01186,No,HEAL Studies,
HDP01187,Yes,HEAL Research Network,DATA 2 ACTION
HDP01188,No,HEAL Studies,
HDP01189,No,HEAL Studies,
HDP01190,No,HEAL Studies,
HDP01191,No,HEAL Studies,
HDP01192,No,HEAL Studies,
HDP01193,No,HEAL Studies,
HDP01194,No,HEAL Studies,
HDP01195,No,HEAL Studies,
HDP01196,No,HEAL Studies,
HDP01197,No,HEAL Studies,
HDP01198,Yes,HEAL Research Network,PRECISION
HDP01199,No,HEAL Studies,
HDP01200,No,HEAL Studies,
HDP01201,No,HEAL Studies,
HDP01202,No,HEAL Studies,
HDP01203,No,HEAL Studies,
HDP01204,No,HEAL Studies,
HDP01205,No,HEAL Studies,
HDP01206,No,HEAL Studies,
HDP01207,No,HEAL Studies,
HDP01208,No,HEAL Studies,
HDP01209,No,HEAL Studies,
HDP01210,No,HEAL Studies,
HDP01211,No,HEAL Studies,
HDP01212,No,HEAL Studies,
HDP01213,No,HEAL Studies,
HDP01214,No,HEAL Studies,
HDP01215,No,HEAL Studies,
HDP01216,No,HEAL Studies,
HDP01217,No,HEAL Studies,
HDP01218,No,HEAL Studies,
HDP01219,No,HEAL Studies,
HDP01220,No,HEAL Studies,
HDP01221,No,HEAL Studies,
HDP01222,No,HEAL Studies,
HDP01223,No,HEAL Studies,
HDP01224,Yes,HEAL Research Network,HBCD
HDP01225,No,HEAL Studies,
HDP01227,No,HEAL Studies,
HDP01228,No,HEAL Studies,
HDP01229,Yes,HEAL Research Network,HBCD
HDP01231,Yes,HEAL Research Network,HBCD
HDP01232,Yes,HEAL Research Network,HBCD
HDP01233,No,HEAL Studies,
HDP01234,Yes,HEAL Research Network,HBCD
HDP01235,Yes,HEAL Research Network,HBCD
HDP01236,No,HEAL Studies,
HDP01237,No,HEAL Studies,
HDP01238,No,HEAL Studies,
HDP01239,No,HEAL Studies,
HDP01240,No,HEAL Studies,
HDP01241,No,HEAL Studies,
HDP01243,No,HEAL Studies,
HDP01244,Yes,HEAL Research Network,HBCD
HDP01245,No,HEAL Studies,
HDP01246,No,HEAL Studies,
HDP01247,Yes,HEAL Research Network,HBCD
HDP01248,Yes,HEAL Research Network,HBCD
HDP01249,No,HEAL Studies,
HDP01250,Yes,HEAL Research Network,HBCD
HDP01252,No,HEAL Studies,
HDP01253,No,HEAL Studies,
HDP01254,No,HEAL Studies,
HDP01255,No,HEAL Studies,
HDP01256,Yes,HEAL Research Network,A2CPS
HDP01257,Yes,HEAL Research Network,A2CPS
HDP01258,Yes,HEAL Research Network,HBCD
HDP01259,Yes,HEAL Research Network,JCOIN
HDP01260,No,HEAL Studies,
HDP01261,No,HEAL Studies,
HDP01263,No,HEAL Studies,
HDP01264,No,HEAL Studies,
HDP01265,No,HEAL Studies,
HDP01266,No,HEAL Studies,
HDP01267,No,HEAL Studies,
HDP01268,Yes,HEAL Research Network,JCOIN
HDP01269,Yes,HEAL Research Network,Pain ERN
HDP01270,Yes,HEAL Research Network,PRISM
HDP01271,Yes,HEAL Research Network,JCOIN
HDP01272,Yes,HEAL Research Network,Pain ERN
HDP01273,Yes,HEAL Research Network,Pain ERN
HDP01274,Yes,HEAL Research Network,HBCD
HDP01276,No,HEAL Studies,
HDP01277,Yes,HEAL Research Network,HBCD
HDP01278,Yes,HEAL Research Network,JCOIN
HDP01279,Yes,HEAL Research Network,PRISM
HDP01280,No,HEAL Studies,
HDP01281,Yes,HEAL Research Network,JCOIN
HDP01282,No,HEAL Studies,
HDP01283,No,HEAL Studies,
HDP01284,Yes,HEAL Research Network,BACPAC
HDP01285,Yes,HEAL Research Network,CTN-0130
HDP01286,Yes,HEAL Research Network,CTN-0133
HDP01287,Yes,HEAL Research Network,CTN-0095A2
HDP01288,Yes,HEAL Research Network,CTN-0093
HDP01289,Yes,HEAL Research Network,CTN-0147
HDP01290,Yes,HEAL Research Network,CTN-0099
HDP01291,Yes,HEAL Research Network,CTN-0088
HDP01292,Yes,HEAL Research Network,CTN-0144
HDP01293,Yes,HEAL Research Network,CTN-0099-A-1
HDP01294,Yes,HEAL Research Network,CTN-0095
HDP01295,Yes,HEAL Research Network,CTN-0098
HDP01296,Yes,HEAL Research Network,CTN-0145
HDP01297,Yes,HEAL Research Network,CTN-0086
HDP01298,Yes,HEAL Research Network,CTN-0115
HDP01299,Yes,HEAL Research Network,CTN-0084-A-1
HDP01300,Yes,HEAL Research Network,CTN-0091
HDP01301,Yes,HEAL Research Network,CTN-0101
HDP01302,Yes,HEAL Research Network,CTN-0139
HDP01303,Yes,HEAL Research Network,CTN-0105
HDP01304,Yes,HEAL Research Network,CTN-0085
HDP01305,Yes,HEAL Research Network,CTN-0079-A-1
HDP01306,Yes,HEAL Research Network,CTN-0089
HDP01307,Yes,HEAL Research Network,CTN-0107
HDP01308,Yes,HEAL Research Network,CTN-0100
HDP01309,Yes,HEAL Research Network,CTN-0103
HDP01310,Yes,HEAL Research Network,CTN-0087
HDP01311,Yes,HEAL Research Network,CTN-0128
HDP01312,Yes,HEAL Research Network,CTN-0095-A-1
HDP01313,Yes,HEAL Research Network,CTN-0084
HDP01314,Yes,HEAL Research Network,CTN-0106
HDP01315,Yes,HEAL Research Network,CTN-0102
HDP01316,Yes,HEAL Research Network,CTN-0090
HDP01317,Yes,HEAL Research Network,CTN-0080
HDP01318,Yes,HEAL Research Network,CTN-0074-A-1
HDP01319,Yes,HEAL Research Network,CTN-0097
HDP01320,Yes,HEAL Research Network,CTN-0110
HDP01321,Yes,HEAL Research Network,CTN-0096
HDP01322,Yes,HEAL Research Network,CTN-0084-A-2
HDP01323,Yes,HEAL Research Network,CTN-0094
HDP01324,Yes,HEAL Research Network,CTN-0146
HDP01325,No,HEAL Studies,
HDP01326,No,HEAL Studies,
HDP01327,No,HEAL Studies,
HDP01328,No,HEAL Studies,
HDP01329,No,HEAL Studies,
HDP01330,Yes,HEAL Research Network,HPC
HDP01331,Yes,HEAL Research Network,HPC
HDP01332,Yes,HEAL Research Network,HPC
HDP01333,Yes,HEAL Research Network,HPC
HDP01334,Yes,HEAL Research Network,HPC
HDP01335,Yes,HEAL Research Network,HPC
HDP01336,Yes,HEAL Research Network,DATA 2 ACTION
HDP01337,No,HEAL Studies,
HDP01338,Yes,HEAL Research Network,BACPAC
HDP01339,Yes,HEAL Research Network,BACPAC
HDP01340,Yes,HEAL Research Network,HOPE
HDP01341,Yes,HEAL Research Network,BACPAC
HDP01342,No,HEAL Studies,
HDP01343,No,HEAL Studies,
HDP01344,No,HEAL Studies,
HDP01345,No,HEAL Studies,
HDP01346,No,HEAL Studies,
HDP01347,No,HEAL Studies,
HDP01348,No,HEAL Studies,
HDP01349,No,HEAL Studies,
HDP01350,Yes,HEAL Research Network,HBCD
HDP01351,No,HEAL Studies,
HDP01352,No,HEAL Studies,
HDP01353,No,HEAL Studies,
HDP01354,No,HEAL Studies,
HDP01355,No,HEAL Studies,
HDP01356,No,HEAL Studies,
HDP01357,No,HEAL Studies,
HDP01358,No,HEAL Studies,
HDP01359,No,HEAL Studies,
HDP01360,No,HEAL Studies,
HDP01361,No,HEAL Studies,
HDP01362,No,HEAL Studies,
HDP01363,No,HEAL Studies,
HDP01364,No,HEAL Studies,
HDP01365,No,HEAL Studies,
HDP01366,No,HEAL Studies,
HDP01367,No,HEAL Studies,
HDP01368,Yes,HEAL Research Network,PRISM
HDP01369,No,HEAL Studies,
HDP01370,Yes,HEAL Research Network,HARM REDUCTION
HDP01371,Yes,HEAL Research Network,RE-JOIN
HDP01372,No,HEAL Studies,
HDP01373,No,HEAL Studies,
HDP01374,No,HEAL Studies,
HDP01375,Yes,HEAL Research Network,JCOIN
HDP01376,No,HEAL Studies,
HDP01377,Yes,HEAL Research Network,ACT NOW
HDP01378,No,HEAL Studies,
HDP01379,No,HEAL Studies,
HDP01380,No,HEAL Studies,
HDP01381,No,HEAL Studies,
HDP01382,No,HEAL Studies,
HDP01383,No,HEAL Studies,
HDP01384,No,HEAL Studies,
HDP01385,No,HEAL Studies,
HDP01386,No,HEAL Studies,
HDP01387,No,HEAL Studies,
HDP01388,No,HEAL Studies,
HDP01389,No,HEAL Studies,
HDP01390,No,HEAL Studies,
HDP01391,No,HEAL Studies,
HDP01392,No,HEAL Studies,
HDP01393,No,HEAL Studies,
HDP01394,Yes,HEAL Research Network,JCOIN
HDP01395,Yes,HEAL Research Network,ACT NOW
HDP01396,No,HEAL Studies,
HDP01397,Yes,HEAL Research Network,RE-JOIN
HDP01398,Yes,HEAL Research Network,ACT NOW
HDP01399,No,HEAL Studies,
HDP01400,No,HEAL Studies,
HDP01401,No,HEAL Studies,
HDP01402,No,HEAL Studies,
HDP01403,No,HEAL Studies,
HDP01404,No,HEAL Studies,
HDP01405,No,HEAL Studies,
HDP01406,No,HEAL Studies,
HDP01407,Yes,HEAL Research Network,ACT NOW
HDP01408,No,HEAL Studies,
HDP01409,No,HEAL Studies,
HDP01410,No,HEAL Studies,
HDP01411,No,HEAL Studies,
HDP01412,No,HEAL Studies,
HDP01413,No,HEAL Studies,
HDP01414,No,HEAL Studies,
HDP01415,No,HEAL Studies,
HDP01416,No,HEAL Studies,
HDP01417,Yes,HEAL Research Network,HARM REDUCTION
HDP01418,No,HEAL Studies,
HDP01419,No,HEAL Studies,
HDP01420,No,HEAL Studies,
HDP01421,No,HEAL Studies,
HDP01422,No,HEAL Studies,
HDP01423,No,HEAL Studies,
HDP01424,No,HEAL Studies,
HDP01425,No,HEAL Studies,
HDP01426,No,HEAL Studies,
HDP01427,No,HEAL Studies,
HDP01428,No,HEAL Studies,
HDP01429,No,HEAL Studies,
HDP01430,No,HEAL Studies,
HDP01431,No,HEAL Studies,
HDP01432,No,HEAL Studies,
HDP01433,No,HEAL Studies,
HDP01434,Yes,HEAL Research Network,HBCD
HDP01435,No,HEAL Studies,
HDP01436,Yes,HEAL Research Network,EPPIC-NET
HDP01437,No,HEAL Studies,
HDP01438,No,HEAL Studies,
HDP01439,No,HEAL Studies,
HDP01440,No,HEAL Studies,
HDP01441,No,HEAL Studies,
HDP01442,No,HEAL Studies,
HDP01444,No,HEAL Studies,
HDP01445,No,HEAL Studies,
HDP01446,No,HEAL Studies,
HDP01447,Yes,HEAL Research Network,BACPAC
HDP01448,No,HEAL Studies,
HDP01449,No,HEAL Studies,
HDP01451,No,HEAL Studies,
HDP01452,No,HEAL Studies,
HDP01453,No,HEAL Studies,
HDP01454,No,HEAL Studies,
HDP01455,No,HEAL Studies,
HDP01456,No,HEAL Studies,
HDP01457,No,HEAL Studies,
HDP01458,No,HEAL Studies,
HDP01459,No,HEAL Studies,
HDP01460,No,HEAL Studies,
HDP01461,No,HEAL Studies,
HDP01462,No,HEAL Studies,
HDP01463,Yes,HEAL Research Network,HARM REDUCTION
HDP01464,No,HEAL Studies,
HDP01465,No,HEAL Studies,
HDP01466,No,HEAL Studies,
HDP01467,No,HEAL Studies,
HDP01468,No,HEAL Studies,
HDP01469,No,HEAL Studies,
HDP01470,No,HEAL Studies,
HDP01471,No,HEAL Studies,
HDP01472,No,HEAL Studies,
HDP01473,No,HEAL Studies,
HDP01474,No,HEAL Studies,
HDP01476,No,HEAL Studies,
HDP01477,No,HEAL Studies,
HDP01478,No,HEAL Studies,
HDP01479,No,HEAL Studies,
HDP01481,No,HEAL Studies,
HDP01482,No,HEAL Studies,
HDP01483,Yes,HEAL Research Network,DATA 2 ACTION
HDP01484,No,HEAL Studies,
HDP01485,No,HEAL Studies,
HDP01486,Yes,HEAL Research Network,DATA 2 ACTION
HDP01487,Yes,HEAL Research Network,DATA 2 ACTION
HDP01488,No,HEAL Studies,
HDP01489,No,HEAL Studies,
HDP01490,No,HEAL Studies,
HDP01491,No,HEAL Studies,
HDP01492,No,HEAL Studies,
HDP01493,Yes,HEAL Research Network,PRISM
HDP01494,Yes,HEAL Research Network,PRISM
HDP01495,Yes,HEAL Research Network,PRISM
HDP01496,Yes,HEAL Research Network,PRISM
HDP01497,Yes,HEAL Research Network,PRISM
HDP01498,Yes,HEAL Research Network,PRISM
